{
  "class_names": [
    "glioma",
    "meningioma",
    "notumor",
    "pituitary"
  ],
  "train_metrics": {
    "Accuracy": 0.8363,
    "Precision": 0.8753,
    "Recall": 0.8363,
    "F1 Score": 0.8195,
    "Specificity": 0.9454
  },
  "test_metrics": {
    "Accuracy": 0.8019,
    "Precision": 0.8232,
    "Recall": 0.8019,
    "F1 Score": 0.7853,
    "Specificity": 0.934
  },
  "train_cm": [
    [
      1395,
      1,
      0,
      4
    ],
    [
      545,
      599,
      8,
      248
    ],
    [
      49,
      7,
      1301,
      43
    ],
    [
      11,
      1,
      0,
      1388
    ]
  ],
  "test_cm": [
    [
      340,
      19,
      14,
      27
    ],
    [
      137,
      166,
      4,
      93
    ],
    [
      17,
      2,
      381,
      0
    ],
    [
      4,
      0,
      0,
      396
    ]
  ],
  "history_loss": [
    0.5647739768028259,
    0.3493432104587555,
    0.29251185059547424,
    0.23609650135040283,
    0.21287758648395538,
    0.18136875331401825,
    0.16897982358932495,
    0.15510967373847961,
    0.15282900631427765,
    0.13713644444942474,
    0.12911325693130493,
    0.12552429735660553,
    0.12456538528203964,
    0.11984384059906006,
    0.11776076257228851,
    0.4923672378063202,
    0.3539898097515106,
    0.28374770283699036,
    0.25326573848724365,
    0.2662118971347809,
    0.23584836721420288
  ],
  "history_val_loss": [
    0.7031086087226868,
    0.7576054334640503,
    0.6593391299247742,
    0.6805785894393921,
    0.7165075540542603,
    0.7015128135681152,
    0.6550943851470947,
    0.7225273251533508,
    0.6742532253265381,
    0.6659703254699707,
    0.6538596153259277,
    0.6501455903053284,
    0.6432933807373047,
    0.6684483885765076,
    0.6496987342834473,
    0.6738144755363464,
    0.7313145399093628,
    0.7380477786064148,
    0.7235703468322754,
    0.7000389695167542,
    0.6802785396575928
  ],
  "history_acc": [
    0.8158928751945496,
    0.8801785707473755,
    0.895892858505249,
    0.9096428751945496,
    0.9225000143051147,
    0.9305357336997986,
    0.9339285492897034,
    0.9419642686843872,
    0.9424999952316284,
    0.9507142901420593,
    0.9492856860160828,
    0.9532142877578735,
    0.9548214077949524,
    0.9566071629524231,
    0.9576785564422607,
    0.8346428275108337,
    0.8755357265472412,
    0.8969643115997314,
    0.9080356955528259,
    0.9067857265472412,
    0.910178542137146
  ],
  "history_val_acc": [
    0.8125,
    0.8356249928474426,
    0.8656250238418579,
    0.8587499856948853,
    0.8700000047683716,
    0.8862500190734863,
    0.8949999809265137,
    0.8862500190734863,
    0.8931249976158142,
    0.8924999833106995,
    0.8974999785423279,
    0.8974999785423279,
    0.9018750190734863,
    0.9012500047683716,
    0.8999999761581421,
    0.8018749952316284,
    0.800000011920929,
    0.809374988079071,
    0.8199999928474426,
    0.8331249952316284,
    0.8399999737739563
  ]
}